﻿<?xml version="1.0" encoding="UTF-8" standalone="yes"?>
<addon id="script.leuthil.netflixchecker" name="Netflix Checker" version="0.0.4" provider-name="Leuthil">
    <requires>
		<import addon="xbmc.python" version="2.14.0"/>
	</requires>
	<extension point="xbmc.python.script" library="addon.py">
		<provides>executable</provides>
	</extension>
	<extension point="xbmc.addon.metadata">
		<platform>all</platform>
		<summary lang="en">Netflix Checker</summary>
		<description lang="en">Netflix checker</description>
		<license>GNU General Public License, v2</license>
		<language></language>
		<forum></forum>
		<source>https://github.com/Leuthil/LeuthilKodiRepo/script.leuthil.netflixchecker</source>
	</extension>
</addon>
